Num_Acc,an,mois,jour,hrmn,lum,agg,int,atm,col,com,adr,gps,lat,long,dep
200700065915,7,10,6,1830,1,2,1,1,2,46,"12, REPUBLIQUE (AV DE LA",,,,940
200700043199,7,7,13,1120,1,2,2,1,3,184,AURIOL (RUE VINCENT),,,,440
200700029222,7,5,10,2150,5,1,1,1,6,335,"1, SANTOS-DUMONT",,,,640
200700007983,7,2,14,1615,1,2,1,1,2,55,GÉNÉRAL FERRIE (PLACE),,,,130
200700031184,7,5,12,1840,1,2,1,1,2,69,SAINT MAURICE DU VALAIS,,,,940
200700049082,7,8,16,1110,1,2,1,1,5,55,"34, CAPITAINE GEZE (BOUL",,,,130
200700015166,7,3,17,850,1,2,1,1,6,121,"27, VAL BARIZIEN (RUE DU",,,,520
200700074316,7,11,7,1515,1,1,1,8,6,199,,M,0.0,0.0,410
200700067855,7,11,20,745,2,2,2,2,6,105,"01, THEATRE RUE",,,,80
200700033575,7,6,23,1800,1,2,1,1,6,49,Avenue d'Espagne,M,0.0,0.0,660
200700070888,7,11,7,1900,5,2,1,2,3,50,"65, FONTANOT RUE DES TRO",,,,920
200700011790,7,2,2,2125,5,2,1,1,3,217,RD 925,,,,760
200700043374,7,7,27,1705,1,2,1,1,2,328,"1, CURIE (RUE PIERRE ET",,,,540
200700061899,7,10,26,1610,1,2,1,1,2,69,"102, TOURACHE (CHEMIN DE",,,,60
200700069706,7,11,28,1625,1,1,1,1,6,350,"00, PARADIS AVENUE PETIT",,,,590
200700017487,7,3,14,1100,1,2,1,1,1,14,MAURICE AUDIN (ALLEE)  S,,,,930
200700017083,7,3,31,2330,5,2,3,1,3,99,"25, ZOLA (RUE EMILE)",,,,900
200700073542,7,11,20,1545,1,2,1,1,6,286,1683 route de strasbourg,M,0.0,0.0,690
200700055926,7,9,19,1555,1,2,1,1,3,63,"272, BD DU PRESIDENT WIL",,,,330
200700006650,7,2,13,1645,1,2,1,1,6,72,Route Nationale 6,M,0.0,0.0,690
200700061988,7,10,14,1700,1,2,1,1,3,88,"228, TURIN (RTE DE)",,,,60
200700056410,7,9,7,1720,1,2,1,1,6,234,"01, BOLIERE (RUE DE LA)",,,,450
200700061807,7,10,28,2006,5,2,1,1,3,155,MASSIER AV.ET IMP.CLEMEN,,,,60
200700057420,7,9,28,1700,1,2,2,1,3,231,"0, BROSSOLETTE. RUE PIER",,,,760
200700009933,7,2,20,1540,1,2,2,1,6,2,BD DES CAPUCINES PL DE L,,,,750
200700048886,7,8,16,1125,1,2,1,1,6,28,"9, KENNEDY (AVENUE PRESI",,,,130
200700083390,7,8,22,1320,1,2,1,1,5,107,DUMANOIR ( ALLEE ),,,,971
200700068485,7,11,2,1856,3,1,1,1,1,102,ANGOULEME,,,,240
200700020171,7,4,2,1415,1,1,1,1,2,39,,M,4818300.0,-99600.0,530
200700079510,7,12,18,905,1,2,4,1,3,35,"102, Général de Gaulle",,,,920
200700040283,7,7,13,1815,1,1,1,1,3,69,,M,0.0,0.0,380
200700036976,7,6,24,1815,1,1,1,1,7,21,"0, ROCADE NORD RN 1",,,,800
200700030403,7,5,18,140,5,1,1,1,7,21,ROCADE NORD EST RN 25,,,,800
200700054654,7,9,21,1250,1,2,1,1,6,310,"1, KENNEDY (BOULEVARD DU",,,,30
200700001155,7,1,15,715,2,2,1,1,3,34,CD6,M,0.0,0.0,840
200700046308,7,7,2,930,1,2,1,1,3,120,PORTE DE BAGNOLET,,,,750
200700026061,7,5,11,2330,3,1,1,2,7,42,,M,0.0,0.0,740
200700039869,7,7,13,1715,1,2,9,1,1,331,RUE DES ARENES,M,4398000.0,-22000.0,400
200700079529,7,12,21,2255,5,2,1,1,3,40,GUYNEMER,,,,920
200700035289,7,6,2,530,5,2,1,1,6,281,"18, RUE PAUL DOUMER",,,,330
200700005772,7,1,18,2205,3,1,1,1,2,206,A13,,,,780
200700079674,7,12,4,935,1,2,8,1,3,57,"ignore, ROSNY (AL. DE)",,,,930
200700019270,7,4,12,1345,1,1,1,2,3,75,,M,4557700.0,423300.0,420
200700069109,7,11,17,1030,1,2,1,1,6,179,"74, LIBERATION (RUE DE L",,,,380
200700036696,7,6,3,1050,1,2,1,1,4,16,L13657 ALL BORD DE L EAU,,,,750
200700002997,7,1,8,2302,3,1,1,2,7,316,CD 25,,,,420
200700058345,7,9,15,2035,3,2,1,1,1,33,", HERMANN REGNIER",,,,930
200700069985,7,11,30,1845,5,2,1,1,3,417,"46, PRADETTES (ALLEE DES",,,,650
200700029892,7,5,22,900,1,2,1,1,6,3,98 BD DE SEBASTOPOL,,,,750
200700039262,7,6,30,1745,1,2,4,1,2,117,PORTE MAILLOT,,,,750
200700005844,7,1,29,1759,1,1,1,1,6,689,AUTOROUTE A6,,,,910
200700074345,7,11,18,615,3,1,1,9,6,708,,M,5009600.0,287100.0,620
200700054245,7,9,28,2200,3,1,1,3,6,300,,M,4895200.0,299300.0,770
200700042548,7,7,17,1515,1,2,1,1,7,375,CROSNE (BOULEVARD DE),,,,270
200700056231,7,9,30,1025,1,1,1,1,6,281,ROCADE OUEST (RN 134),,,,400
200700013288,7,3,22,1445,1,2,1,1,7,233,,M,4787500.0,-354400.0,290
200700002212,7,1,12,1100,1,2,1,1,3,55,"310, MORGIOU (CHEMIN DE)",,,,130
200700021583,7,4,24,1205,1,1,1,1,5,336,RD.64 (ROUTE DE VALRAS),,,,340
200700030963,7,5,15,1845,1,2,6,2,2,8,PLACE ESCADRILLE N. NIEM,,,,930
200700004414,7,1,26,1625,1,2,2,1,6,7,R DU BAC R DE GRENELLE,,,,750
200700029510,7,5,1,100,5,2,2,1,6,15,R DE L EGLISE R DE LOURM,,,,750
200700053613,7,9,17,1200,1,1,1,8,6,241,,M,4496300.0,385400.0,430
200700050283,7,8,10,1945,1,2,1,1,6,650,BERT (RUE PAUL),,,,590
200700061253,7,10,19,800,1,1,1,1,3,59,,M,4316700.0,211600.0,110
200700056473,7,9,14,945,1,2,3,1,6,7,"0, COUBERTIN BOULEVARD",,,,490
200700058166,7,9,9,1800,1,2,1,1,2,63,"113, DIX-HUIT JUIN 1940",,,,920
200700036370,7,6,21,1655,1,2,1,1,6,103,BARADUC (AVENUE),,,,630
200700066506,7,10,15,750,1,1,1,1,3,356,Autoroute A31,,,,570
200700070047,7,11,27,825,1,2,1,1,3,482,"0, ROMAINS (ROUTE DES)",,,,670
200700017935,7,3,23,1830,1,1,1,2,4,10,AUTOROUTE A3,,,,930
200700066587,7,10,10,713,2,1,1,1,5,137,A50,,,,830
200700011618,7,2,1,1810,1,1,1,8,3,281,ROCADE A 630,,,,330
200700084288,7,11,30,1300,1,1,1,1,1,213,ROUTE DEPARTEMENTALE 14,,,,972
200700002686,7,1,2,1825,5,2,1,1,3,69,"145, AVE DE LA LIBERATIO",,,,330
200700062579,7,10,29,1700,1,1,1,1,2,71,"XXXX, ROUTE NATIONALE 11",,,,130
200700061300,7,10,24,1930,2,1,1,1,1,20,,M,4250300.0,209500.0,660
200700080562,7,12,21,740,1,1,1,1,5,210,A50-Sens Marseille vers,,,,130
200700016161,7,3,13,1836,5,2,3,8,6,18,CI NOLLEZ R ORDENER,,,,750
200700047682,7,8,29,1700,1,2,1,1,2,185,rue jean jaures,M,4999000.0,470000.0,80
200700003522,7,1,31,1400,1,2,2,1,6,350,"193, PARIS RUE N° RESTE",,,,590
200700073305,7,11,7,1800,2,1,1,1,6,116,,M,0.0,0.0,850
200700057239,7,9,4,1415,1,2,1,1,6,224,"110, ILLZACH (RUE D')",,,,680
200700066177,7,10,10,845,1,1,1,1,3,572,RN 184,,,,950
200700056041,7,9,7,2157,5,2,1,1,4,172,LIBERTE (AVENUE DE LA,,,,340
200700076908,7,12,13,1800,3,2,1,1,6,55,"305, LYON (RUE DE)",,,,130
200700057274,7,9,3,1440,1,2,1,1,3,256,"55, ALEXANDRE DUMAS",,,,690
200700024982,7,4,28,1250,1,2,1,1,3,386,"13, BOULEVARD DES BROTTE",,,,690
200700031744,7,5,27,425,5,2,1,3,6,383,"127, RUE SERVIENT",,,,690
200700029691,7,5,10,1655,1,2,2,1,2,7,AV RAPP PL GENERAL GOURA,,,,750
200700021660,7,4,17,1825,1,2,2,1,3,238,"00, CHURCHILL (AVENUE SI",,,,350
200700048794,7,8,17,1610,1,2,1,1,6,88,"0, ANGLAIS (DU N° 1 AU N",,,,60
200700061461,7,10,3,715,2,2,7,5,6,204,Place de la république,M,4752200.0,64700.0,370
200700068348,7,11,29,950,1,2,1,2,4,300,"85, REPUBLIQUE    PLACE",,,,170
200700069825,7,11,19,1405,1,2,1,1,6,160,"0, JAURES (Viaduc Jean)",,,,620
200700026997,7,5,23,1615,1,1,1,1,2,506,,M,4663700.0,539200.0,710
200700051652,7,8,14,1956,1,1,1,3,7,37,AUTOROUTE A6A,,,,940
200700040448,7,7,6,2130,1,2,1,1,1,239,Chemin du Chateau,M,4509600.0,363700.0,430
200700075178,7,12,18,730,3,1,1,9,1,194,,M,4309100.0,186600.0,90
200700008534,7,2,2,1655,1,2,2,1,3,63,RUE ABBE DE L'EPEE,,,,330
200700060789,7,10,20,1800,1,1,1,7,3,233,,M,4619000.0,280200.0,630
200700008312,7,2,24,1444,1,2,1,2,6,322,"29, HUGO ( RUE VICTOR)",,,,240
200700042755,7,7,17,1930,1,1,1,1,3,529,RD 256,,,,330
200700036458,7,6,14,2115,1,1,2,1,2,251,R.D.92,,,,650
200700007078,7,2,23,1945,3,1,1,1,7,27,,M,4389900.0,481900.0,130
200700065193,7,10,12,1325,1,2,1,1,6,10,"7, GEHANT (RUE)",,,,900
200700005978,7,1,12,1800,5,2,1,1,6,387,"50, COURS GAMBETTA",,,,690
200700011418,7,2,22,255,5,1,1,1,7,612,AUTOROUTE A1,,,,600
200700014321,7,3,30,1645,1,2,3,2,3,281,"Néant, CLERIEUX (RUE DE)",,,,260
200700020994,7,4,13,2145,5,2,2,1,3,118,"0, CHERON (AVENUE HENRI)",,,,140
200700079187,7,12,1,1230,1,2,3,1,3,129,"00, KENNEDY(AVENUE J.)N°",,,,830
200700064236,7,10,2,2150,5,2,3,1,3,215,"sans, COURRIERES (RTE DE",,,,620
200700069771,7,11,12,1745,5,2,1,1,3,599,GAMBETTA (BOULEVARD),,,,590
200700051541,7,8,8,300,5,1,1,3,7,219,AUTOROUTE A115,,,,950
200700038900,7,6,12,2335,5,2,2,1,6,115,BOULEVARD GENERAL MARTIA,,,,750
200700074561,7,12,25,1845,5,2,1,1,7,601,rue François Ansieau,M,5006500.0,410300.0,590
200700008668,7,2,13,2218,5,2,1,1,3,172,"1083, PIC SAINT LOUP (AV",M,4363890.0,385078.0,340
200700034448,7,6,30,1120,1,1,1,1,5,28,C.D 559,,,,130
200700005810,7,1,8,1240,1,1,1,8,2,182,AUTOROUTE A6,,,,910
200700055275,7,9,20,1515,1,2,3,1,3,55,"105, ROSE (AVENUE DE LA)",,,,130
200700028428,7,5,16,1815,1,2,2,1,3,169,"., PERI (RUE G.)",,,,380
200700067333,7,10,23,1610,1,2,1,1,3,119,"26, AVENUE CORENTIN CARI",,,,750
200700053972,7,9,13,1830,2,2,1,1,6,17,LE VILLAGE,M,4456800.0,619900.0,50
200700065993,7,10,27,2125,5,2,3,1,6,18,ALLEMANE (BOULEVARD JEAN,,,,950
200700020441,7,4,3,1530,1,2,1,1,6,29,"23, GUYNEMER (BOULEVARD)",,,,60
200700056941,7,9,8,1215,1,2,3,1,3,117,MOULIN A VENT ( RUE DU ),,,,610
200700049969,7,8,7,1750,1,2,1,1,6,286,VARENNES (RUE DES),,,,450
200700038253,7,6,12,1310,1,2,1,1,6,33,VEZZANI - RUE CESAR,,,,202
200700066866,7,10,23,1600,1,2,1,1,3,109,"12, RUE DU FAUBOURG MONT",,,,750
200700073575,7,11,17,2115,5,2,1,1,1,117,CD104b,M,0.0,0.0,70
200700055753,7,9,11,1040,1,2,1,1,6,555,"5, BD D ARCOLE",,,,310
200700048417,7,8,25,1030,1,1,1,1,6,382,,M,4512000.0,-48300.0,330
200700062886,7,10,15,1250,1,2,1,8,7,375,"59, SAINT JEAN (RUE)",,,,270
200700039157,7,6,29,2308,5,2,3,2,7,120,AVENUE DE LA PORTE DE BA,,,,750
200700075625,7,12,14,1645,2,1,1,1,3,352,,M,4721400.0,527700.0,210
200700067860,7,11,7,1045,1,2,1,1,3,122,"62A, LECLERC (AVENUE DU",,,,90
200700075356,7,12,18,1400,1,2,1,1,3,228,route de st romain,M,0.0,0.0,420
200700072496,7,11,16,1543,1,2,1,1,6,115,"399, RUE DE VAUGIRARD",,,,750
200700037329,7,6,29,1810,1,2,4,1,3,7,"-, FORTIN (AVENUE JEAN-B",,,,920
200700062888,7,10,24,1640,1,2,1,1,6,375,"0, LECLERC (AVENUE DU ML",,,,270
200700021588,7,4,25,1430,1,2,9,1,2,32,"NR, KENNEDY PRESIDENT (B",,,,340
200700005325,7,1,21,2330,5,2,1,1,6,63,"15, BOISSIERE BD DE LA",,,,930
200700048568,7,8,22,1240,1,2,1,1,6,70,GAULLE (PL. DU GAL. DE),,,,40
200700064112,7,10,24,805,1,2,1,1,6,9,PERRIN JEAN  AVENUE,,,,590
200700060644,7,10,31,2215,5,2,1,1,1,49,RD1084,M,0.0,0.0,10
200700075611,7,12,31,1200,1,1,1,1,7,242,,M,0.0,0.0,520
200700003453,7,1,22,1415,1,2,1,1,2,68,"24, GRAND RUE",,,,590
200700049873,7,8,29,655,2,1,1,2,1,95,CD 3,,,,420
200700075579,7,12,5,815,1,2,1,1,6,18,route nationale 3,M,4901800.0,413100.0,510
200700001967,7,1,5,930,1,2,3,1,3,55,SAINT MARCEL (BOULEVARD,,,,130
200700067554,7,11,16,650,3,1,3,1,3,451,BAISSES ( CHEMIN DES ),,,,10
200700011688,7,2,3,130,3,1,1,1,2,278,A46N   9.020 A 11.650,,,,690
200700026159,7,5,30,1530,1,2,1,1,2,572,Rue Robert Schumann,M,4901800.0,638700.0,570
200700074725,7,12,23,1330,1,1,1,9,6,622,,M,0.0,0.0,270
200700064259,7,10,6,2300,5,2,1,1,3,510,"., JAURES (AV JEAN )",,,,620
200700049049,7,8,28,1400,1,2,1,1,3,55,SAINT JOSEPH (CHEMIN DE),,,,130
200700013864,7,3,12,30,5,2,1,1,6,55,"00, RAYMOND TEISSERE (RU",,,,130
200700063433,7,10,20,1510,1,2,1,1,6,288,GUYMAUVIERE (RUE DE LA ),,,,350
200700014464,7,3,20,1226,1,2,3,1,3,11,"0, BONBONNIER MONTEE DU",,,,300
200700013696,7,3,10,1930,5,2,1,1,6,88,"4, FALICON (BD COMTE DE)",,,,60
200700003223,7,1,28,1948,5,2,2,1,3,7,"0, FOCH BOULEVARD",,,,490
200700064190,7,10,31,1200,1,2,1,1,6,112,"52, JAURES (RUE JEAN)",,,,590
200700007163,7,2,11,1900,3,1,1,1,6,139,,M,4339700.0,323000.0,340
200700049257,7,8,22,1140,1,1,9,2,1,279,CARROIR AUX AJONCS (CHEM,,,,180
200700024057,7,4,6,850,1,2,1,1,3,26,GEORGES CLEMENCEAU,,,,920
200700000352,7,1,14,1830,3,1,1,1,1,152,,M,4796100.0,-56500.0,530
200700040606,7,7,21,2115,3,1,9,1,6,559,,M,4912500.0,454700.0,510
200700069577,7,11,12,1605,1,2,1,2,7,672,"0, RAYMOND POINCARE (ALL",,,,570
200700029223,7,5,19,600,5,2,2,2,1,445,"173, PAIX",,,,640
200700040418,7,7,13,1200,1,2,1,1,6,82,rue Gabriel Péri,M,4629300.0,273900.0,30
200700027188,7,5,30,705,1,2,1,1,2,69,"46, POMPIDOU (AVENUE GEO",,,,60
200700035725,7,6,5,1845,1,2,6,1,3,162,"1, BOULEVARD SALVADOR AL",,,,440
200700035583,7,6,6,1810,1,2,1,1,3,185,"., DURAND SAVOYAT (RUE)",,,,380
200700075758,7,12,18,2030,5,1,1,1,7,61,,M,0.0,0.0,50
200700038506,7,6,19,2345,3,1,1,1,6,5,A50-Sens Marseille vers,,,,130
200700076205,7,12,5,1330,1,2,1,2,1,711,21 rue de la digue,M,5006100.0,137300.0,760
200700005170,7,1,21,1800,2,2,1,1,6,40,"21, DOCTEUR LOMBARD (DU)",,,,920
200700023311,7,4,24,1310,1,2,1,1,6,10,170 QU DE JEMMAPES,,,,750
200700079347,7,12,23,955,1,2,2,1,5,215,HUIT MAI QUARANTE CINQ (,,,,910
200700065386,7,10,10,1615,1,2,1,1,2,36,"8, JEAN JACQUES ROUSSEAU",,,,920
200700054247,7,9,26,1645,1,1,1,2,1,176,,M,4879800.0,299100.0,770
200700056342,7,9,7,1045,1,2,3,1,6,190,ROUTE DE CLISSON,,,,440
200700012751,7,3,2,1948,5,2,1,2,2,272,Route de Revigny,M,0.0,0.0,550
200700043931,7,7,28,2000,1,2,1,1,3,224,"46, ILLZACH (RUE D')",,,,680
200700020980,7,4,10,1800,1,2,3,1,3,71,MITTERRAND (AVENUE FRANC,,,,130
200700069377,7,11,28,444,5,2,1,1,7,15,"0, MENDES FRANCE AVENUE",,,,490
200700067455,7,10,4,900,1,2,1,1,5,113,PORTE DE GENTILLY,,,,750
200700075772,7,12,6,1700,1,2,1,1,6,136,Chemin du Vier,M,4388400.0,745000.0,60
200700036918,7,6,28,2040,1,2,1,1,6,551,"ignoré, LYAUTEY (DU MARE",,,,780
200700034794,7,6,28,1020,1,1,1,1,2,117,CHEMIN DEPARTEMENTAL 9 (,,,,130
200700030595,7,5,29,1729,1,2,1,1,6,85,"17, CARMES (PLACE DES)",,,,870
200700068132,7,11,27,2025,5,2,1,1,6,55,"300, MICHELET (BOULEVARD",,,,130
200700039899,7,7,13,1830,1,1,1,1,6,310,,M,0.0,0.0,640
200700062562,7,10,6,950,1,2,1,7,6,71,MITTERRAND (AVENUE FRANC,,,,130
200700026707,7,5,2,1645,1,1,1,1,5,601,"RN 10, PK 39+500",M,0.0,0.0,780
200700053126,7,9,12,2130,3,1,1,1,6,132,,M,4355000.0,-100000.0,400
200700068462,7,11,2,1830,3,1,1,1,6,106,"0, DOUVENANT (RUE DE)",,,,220
200700023047,7,4,17,910,1,2,1,1,3,18,26 R PAJOL,,,,750
200700045430,7,7,16,1300,1,1,1,1,6,9,AUTOROUTE A22,,,,590
200700026819,7,5,3,1715,1,2,1,1,2,367,7 RN04,M,4872600.0,738100.0,670
200700022476,7,4,11,1600,1,2,1,1,5,24,CAMBO (ROUTE DE),,,,640
200700030394,7,5,9,1150,1,2,1,2,3,21,"100, GEORGES BEAUVAIS (R",,,,800
200700062342,7,10,6,1130,1,2,2,1,3,55,", MAURELLE (RUE DE LA)",,,,130
200700040459,7,7,24,1830,1,1,1,1,3,142,,M,4517700.0,435100.0,430
200700014150,7,3,23,1720,1,2,2,2,3,299,"172990307, QUATORZE JUIL",,,,170
200700018491,7,4,22,1830,1,1,1,1,7,194,,M,4968900.0,197500.0,600
200700074195,7,11,16,1800,1,2,1,1,6,209,route de Sauvage,M,0.0,0.0,780
200700076207,7,12,21,1615,1,2,1,8,6,255,rue des canadiens,M,5004600.0,142200.0,760
200700009556,7,2,10,955,1,2,9,3,6,270,"1, BARRE (RUE DE LA)",,,,710
200700014231,7,3,22,1914,2,2,1,2,2,231,EUROPE (DE L') (ROND POI,,,,210
200700059830,7,9,10,920,1,2,1,1,7,120,PORTE DE BAGNOLET,,,,750
200700063587,7,10,13,1825,1,2,1,1,6,218,"55, REPUBLIQUE (DE LA)",,,,420
200700011062,7,2,28,2315,5,2,3,1,3,59,"37, JEAN MERMOZ (BOULEVA",,,,930
200700020569,7,4,19,1615,1,2,1,1,6,88,"0, DIJON (RUE DE)",,,,60
200700013091,7,3,11,2300,3,1,1,1,1,88,,M,0.0,0.0,340
200700002821,7,1,13,305,5,2,3,1,6,172,MARES (AVENUE HENRI),,,,340
200700081684,7,2,9,2140,3,2,1,1,2,213,"18, SALVADOR ALLENDE (RU",,,,972
200700059581,7,9,30,1915,5,2,1,1,2,115,"11, BOULEVARD GENERAL MA",,,,750
200700050031,7,8,17,1710,1,2,3,1,6,129,"67, SENNECEY (RUE DE)",,,,500
200700060658,7,10,3,1700,1,1,1,2,7,117,,M,4443700.0,419100.0,70
200700056864,7,9,27,1620,1,2,3,2,3,392,"18, LOUIS PASTEUR (BOULE",,,,590
200700044035,7,7,13,700,1,2,1,1,2,181,"442, DURAND GEORGES (AV)",,,,720
200700077342,7,12,14,1930,5,1,6,1,3,7,"., KILMARNOCK (QUAI)",,,,300
200700037626,7,6,24,1755,1,2,2,1,3,48,EMILE BEAUFILS (RUE),,,,930
200700076029,7,12,11,1230,1,2,1,1,3,239,CD17,M,4726300.0,140000.0,410
200700074313,7,11,10,1845,3,1,2,2,3,46,,M,4764100.0,191100.0,410
200700010659,7,2,5,1830,5,2,1,2,6,24,"00, LAVOISIER (ALLEE)",,,,890
200700034299,7,6,12,1230,1,2,1,1,3,88,"0, CLUVIER (RUE)",,,,60
200700079804,7,12,11,1945,5,2,1,2,6,66,"10, ""PERI GABRIEL, NR 2",,,,930
200700064011,7,10,1,1655,1,2,1,8,3,143,"1777, NATIONALE  ( ROUTE",,,,590
200700066526,7,10,9,1850,2,2,1,1,6,388,"55, RUE PIERRE DELORE",,,,690
200700005474,7,1,22,1530,1,2,1,1,3,28,HALPERN.(AVENUE BERNARD),,,,940
200700004222,7,1,14,1815,5,2,3,1,3,13,AV DE CHOISY R NICOLAS F,,,,750
200700049096,7,8,21,1700,1,2,1,1,7,55,FENELON ROB (RUE),,,,130
200700005555,7,1,25,1320,1,2,1,1,1,80,"16, ANTOINE QUINSON (AV)",,,,940
200700083075,7,7,21,815,1,2,9,1,1,420,parking boutique OKE,R,0.0,0.0,974
200700003096,7,1,24,1725,1,2,2,8,3,109,"., PONT HAUDAUDINE",,,,440
200700039954,7,7,18,145,3,2,1,1,6,65,,M,0.0,0.0,170
200700033246,7,6,22,1130,1,2,1,1,7,137,,M,4643600.0,466300.0,710
200700004574,7,1,17,1320,1,2,1,2,7,231,"0, ROUEN. RUE DE",,,,760
200700013615,7,3,20,930,1,2,1,1,2,29,"00, FLORY (RUE JOSEPH)",,,,60
200700079991,7,12,3,1320,1,2,1,1,6,78,"1, HENRI JANIN (R)",,,,940
200700015808,7,3,25,1610,1,2,3,1,3,266,"1, RUE FREDERIC FAYS",,,,690
200700075981,7,12,4,300,3,1,1,1,7,278,,M,0.0,0.0,180
200700072781,7,11,2,1115,1,2,1,1,6,115,"59, RUE BRANCION",,,,750
200700026576,7,5,7,2345,5,2,1,1,7,181,avenue conseil général,M,4353000.0,333000.0,340
200700006348,7,2,25,1530,1,1,1,2,7,211,,M,0.0,0.0,610