Num_Acc,an,mois,jour,hrmn,lum,agg,int,atm,col,com,adr,gps,lat,long,dep
200700063369,7,10,7,250,3,1,1,1,2,108,"AUCUN, RD 612",,,,340
200700051064,7,8,6,1005,1,2,2,2,2,2,", GENERAL DE GAULLE (AVE",,,,920
200700064954,7,10,31,1935,5,2,2,1,3,21,"0, ALBERT 1ER (MAIL)",,,,800
200700055578,7,9,25,1555,1,2,1,1,6,281,BERTHELOT (AVENUE),,,,260
200700065349,7,10,13,110,5,2,1,1,3,24,"90, MARTRE (RUE) DE (59",,,,920
200700006730,7,2,8,815,2,1,1,3,3,495,Gare de La Sone,M,0.0,0.0,380
200700070224,7,11,2,2214,5,2,1,1,6,351,"0, CAVEE VERTE (DE LA)",,,,760
200700024116,7,4,7,1220,1,2,2,1,3,50,ARAGO FRANCOIS AVENUE,,,,920
200700019887,7,4,12,1920,3,1,1,3,3,106,,M,0.0,0.0,110
200700045007,7,7,6,1230,1,2,1,1,1,28,"00, MAURIAC.(RUE FRANCOI",,,,940
200700077648,7,12,11,1802,3,1,1,1,2,32,BESSAN (ROUTE DE),,,,340
200700036648,7,6,16,1720,1,1,1,3,2,181,RUAUDIN (RUE) N° IMP 1 A,,,,720
200700045570,7,7,30,2245,5,1,1,1,6,266,RD383   1.165 A 1.893,,,,690
200700034862,7,6,29,1935,1,2,2,1,3,300,DENFERT-ROCHEREAU   AVEN,,,,170
200700035446,7,6,6,1845,1,2,1,1,4,172,"423, MENDE (ROUTE DE)",,,,340
200700028687,7,5,30,929,1,2,3,1,6,7,"0, BICHON PLACE",,,,490
200700080534,7,12,7,1040,1,1,1,1,5,71,A7-Sens Marseille vers L,,,,130
200700016052,7,3,10,1945,5,2,1,1,5,12,108 AV DAUMESNIL,,,,750
200700062049,7,10,24,1820,5,2,1,1,6,88,"0, LAMARTINE (R.)",,,,60
200700013766,7,3,27,815,1,2,1,1,3,88,"36, BORNALA (AV. DE LA)",,,,60
200700076274,7,7,10,1145,1,1,1,1,5,524,A13,,,,780
200700068676,7,11,27,1410,1,2,1,1,6,189,"..., JAURES JEAN (BOULEV",,,,300
200700051369,7,8,17,1710,1,2,1,1,6,33,LOUISON BOBET (AV),,,,940
200700063559,7,10,22,1310,1,2,1,1,6,44,RD 10-2,M,4123456.0,345699.0,420
200700051355,7,8,13,1320,1,2,3,1,3,79,"00, LECOMTE (AV)",,,,940
200700043400,7,7,5,1607,1,2,1,3,7,83,LUMIERE ( AV. DES FRERES,,,,560
200700042570,7,7,5,1350,1,2,1,3,6,19,"43, CORNICHE (DE 4 A 10",,,,290
200700079461,7,12,20,1015,1,2,2,1,6,12,"124, JEAN JAURES (BOULEV",,,,920
200700051153,7,8,17,2340,5,2,1,1,6,50,FONTENELLES RUE DES,,,,920
200700016265,7,3,19,815,1,2,1,2,6,16,118 BD SUCHET,,,,750
200700008231,7,2,14,1505,1,2,1,2,3,415,"6, JASMINS AVENUE",,,,170
200700070709,7,11,22,1130,1,2,6,1,2,521,"., LIBERATION (AVENUE DE",,,,910
200700015276,7,3,30,1615,1,2,3,1,3,164,"., Edgar TOUFFREAU",,,,560
200700065700,7,10,23,1300,1,2,1,1,6,55,"24, ONZE NOVEMBRE 1918 (",,,,930
200700028967,7,5,5,2030,2,2,1,1,6,350,"152, SOLFERINO RUE N°1 A",,,,590
200700023569,7,4,4,1705,1,2,1,1,6,423,"2, FUNES (RUE LOUIS DE)",,,,780
200700063864,7,10,6,1145,1,2,2,1,7,395,"1, OBERLIN (RUE)",,,,540
200700055891,7,9,12,950,1,2,1,1,2,63,"15, RUE GALIN",,,,330
200700083159,7,7,16,1730,1,2,1,1,6,209,"32, MOUTTE (ROUTE DE)",,,,972
200700021777,7,4,26,2219,5,2,7,1,7,269,"., CHATEAU (RAMPE DU)",,,,410
200700004511,7,1,23,820,1,2,3,1,3,18,R LEON R ORDENER,,,,750
200700043250,7,7,27,1000,1,1,3,7,3,27,RD 911,,,,470
200700065804,7,10,21,1240,1,2,1,1,3,17,GENERAL DE GAULLE (AV DU,,,,940
200700037415,7,6,10,1830,1,2,2,1,6,44,"NR, MICHELET(QUAI) 2 A 3",,,,920
200700049512,7,8,15,2140,5,2,1,3,4,555,"999, ALL CHARLES DE FITT",,,,310
200700021139,7,4,18,1409,1,2,4,1,2,231,DIETSCH (RUE),,,,210
200700054182,7,9,13,1830,1,1,1,1,1,63,,M,0.0,0.0,660
200700015775,7,3,13,1715,1,2,1,1,6,224,AGEN (RUE D'),,,,680
200700059724,7,9,24,955,1,2,1,1,4,119,RUE DAVID D ANGERS,,,,750
200700030891,7,5,31,1120,1,2,9,1,6,33,"21-23, QUATRE VENTS",,,,920
200700027022,7,5,2,2045,1,2,1,1,2,269,,M,0.0,0.0,710
200700055639,7,9,17,850,1,2,1,2,2,19,"., MONTAIGNE (DE 1 A 37",,,,290
200700053891,7,9,5,1830,1,2,1,1,1,527,4 rue d'Ougney,M,0.0,0.0,250
200700011898,7,3,30,500,3,1,1,1,7,271,,M,5000000.0,314000.0,800
200700020238,7,4,18,1130,1,2,7,1,3,122,Place du gart,M,0.0,0.0,330
200700064557,7,10,15,1345,1,2,1,1,3,266,"01, COURS ANDRE PHILIP",,,,690
200700038990,7,6,12,1535,1,2,1,1,4,117,"14, RUE FRUCTIDOR",,,,750
200700021936,7,4,7,1740,1,2,1,1,6,1,"12 BIS, GRAMMONT (RUE)",,,,470
200700079208,7,12,2,2250,5,2,2,1,3,137,CATHEDRALE (PLACE / TRAV,,,,830
200700019003,7,4,28,1845,1,2,1,1,6,347,rue Gambetta,M,0.0,0.0,170
200700025253,7,5,8,2030,2,2,1,1,7,208,4 RUE DU MOULIN,M,0.0,0.0,800
200700080892,7,12,21,1135,1,2,1,1,6,112,"21, RUE DU DOCTEUR GOUJO",,,,750
200700014503,7,3,7,1610,1,2,3,1,3,555,"176, RUE HENRI DESBALS",,,,310
200700067743,7,11,8,1820,5,2,1,1,3,88,"0, FRANKLIN (PL.)",,,,60
200700014705,7,3,28,1940,1,2,6,1,1,243,"3, BALLASTIERE(AVENUE DE",,,,330
200700068930,7,11,12,1305,1,2,2,1,3,32,"NR, CAPNAU (RUE DU)",,,,340
200700048879,7,8,10,1600,1,2,1,1,3,4,"0, FRANCIS POULENC RUE",,,,130
200700042303,7,7,20,1720,1,1,2,1,3,167,"0, PRESSENCE (RUE DE)",,,,140
200700015006,7,3,29,1345,1,2,1,1,6,109,"06, RUE JACQUES FEYDER",,,,440
200700080268,7,12,9,1340,1,1,1,1,7,589,AUTOROUTE A6,,,,910
200700057001,7,9,20,1700,1,2,2,1,3,498,"sans, BASSEE (RTE DE LA)",,,,620
200700067208,7,10,7,1750,1,2,1,1,3,117,"107 BIS, AVENUE DE SAINT",,,,750
200700058251,7,9,10,630,2,2,1,1,2,10,"ING, GALLIENI (AV.) DE 1",,,,930
200700026055,7,5,2,1800,1,1,1,1,1,19,,M,0.0,0.0,730
200700021037,7,4,11,1515,1,2,1,1,1,291,"14, TREUIL GRAS  RUE DU",,,,170
200700054847,7,9,13,1800,1,2,1,1,6,88,"0, NAPOLEON III (PONT)",,,,60
200700038365,7,6,22,2330,5,2,2,1,3,386,AVENUE MARECHAL DE SAXE,,,,690
200700014812,7,3,14,2025,5,2,1,1,3,238,"00, ABELARD (PIERRE)",,,,350
200700074431,7,11,2,1330,1,1,1,1,2,333,,M,4916700.0,409100.0,510
200700055392,7,9,27,800,1,2,1,1,2,291,"04, MARE   RUE DU FIEF D",,,,170
200700056119,7,9,14,1940,1,2,1,1,3,238,"00, MOINE (LOUIS ET RENE",,,,350
200700078245,7,12,16,1535,1,2,9,1,6,260,"., MARNE(BLD DE LA) 111",,,,560
200700027292,7,5,22,1200,1,2,1,1,3,88,"0, RD 6202",,,,60
200700023756,7,4,8,200,5,2,1,1,1,90,"1251, MONNET (AVE JEAN)",,,,830
200700040555,7,7,28,1130,1,1,4,8,3,134,,M,4885700.0,712900.0,670
200700069314,7,11,20,1855,5,2,1,2,2,147,RN 60,,,,450
200700024370,7,4,15,535,5,2,1,1,2,55,"164, JEAN JAURES (AVENUE",,,,930
200700059603,7,9,17,820,1,2,1,1,6,116,"34, AVENUE RAYMOND POINC",,,,750
200700055998,7,9,1,1510,1,2,1,1,7,32,BRULIER DU VERCORS JEAN,,,,340
200700083244,7,7,13,1839,5,2,1,1,4,414,"34, LECOMTE DE LISLE(RUE",,,,974
200700067813,7,11,22,1240,1,1,1,2,2,88,"136, JARDINIERS (BD DES)",,,,60
200700042120,7,7,3,800,1,2,1,1,3,55,"49, SABLIERE (ROUTE DE L",,,,130
200700009802,7,2,9,2025,5,2,2,2,7,2,R REAUMUR BD DE SEBASTOP,,,,750
200700013558,7,3,6,1945,5,2,1,2,4,4,"61, WILSON BD",,,,60
200700079867,7,12,13,745,5,2,2,1,7,59,"00, GENERAL LECLERC (AV",,,,940
200700002593,7,1,5,1925,5,2,2,1,2,555,"38, RTE DE NARBONNE",,,,310
200700001004,7,1,2,1730,3,1,1,2,5,340,70 lieu-dit Les Cantons,M,0.0,0.0,710
200700051965,7,8,3,2350,5,2,3,1,3,114,"27, RUE DU DEPART",,,,750
200700025203,7,5,2,1830,1,1,1,1,3,51,,M,5053700.0,281100.0,590
200700034892,7,6,10,630,1,2,1,1,2,33,"SANS, JURANVILLE (BOULEV",,,,180
200700014442,7,3,20,1450,1,2,1,1,6,189,"., BONFA (RUE)",,,,300
200700010142,7,2,28,740,1,2,1,1,3,18,14 AV PTE DE ST OUEN,,,,750
200700002955,7,1,18,1205,1,2,3,2,3,421,"00, CROIZAT (AV. A.)(A.B",,,,380
200700026667,7,5,13,945,1,1,1,1,4,17,,M,0.0,0.0,201
200700022908,7,4,7,500,4,2,1,1,7,9,18 R AUBER,,,,750
200700040620,7,7,1,1915,1,2,1,1,6,532,route de Damery - CD 22,M,0.0,0.0,510
200700076951,7,12,29,715,2,2,1,1,6,55,"147, RABATAU (BOULEVARD)",,,,130
200700012884,7,3,1,600,3,1,1,3,6,497,,M,,,210
200700047643,7,8,12,30,3,1,1,1,6,79,,M,0.0,0.0,670
200700025244,7,5,11,1745,1,1,1,1,3,45,,M,5034700.0,259400.0,620
200700012294,7,3,3,1900,3,1,1,3,6,222,,M,0.0,0.0,470
200700000492,7,1,21,1300,1,1,1,1,6,365,RD 157,M,0.0,0.0,160
200700040878,7,7,15,2045,1,1,1,1,3,96,,M,0.0,0.0,50
200700050044,7,8,26,2130,5,2,2,1,6,218,MOULINS (RUE DES),,,,500
200700005882,7,1,18,1040,1,1,1,2,6,350,ROUTE NATIONALE 351,,,,590
200700027230,7,5,7,1845,1,2,1,1,2,88,"168, STE-MARGUERITE (AV.",,,,60
200700032412,7,6,14,1430,1,1,1,1,6,11,,M,0.0,0.0,850
200700002055,7,1,5,1500,1,2,1,1,2,55,"8, CHANTIER (RUE)",,,,130
200700039699,7,7,8,615,2,1,1,1,7,305,,M,0.0,0.0,490
200700067177,7,10,21,1335,1,2,3,1,2,116,AVENUE PAUL DOUMER,,,,750
200700046481,7,8,22,2100,3,1,1,1,6,798,,M,5024700.0,250900.0,620
200700030534,7,5,15,2150,5,2,1,3,7,194,COMPAGNONNAGE (RUE DU),,,,850
200700021363,7,4,30,50,5,2,1,2,1,555,"999, CHE DE LA SALADE PO",,,,310
200700075286,7,12,6,700,5,2,1,2,3,275,rd 1084,M,0.0,0.0,10
200700079131,7,12,12,1220,1,2,1,1,3,724,"0, CD8",,,,800
200700037278,7,6,4,1640,1,2,2,1,3,691,JEAN JAURES(RUE),,,,910
200700064049,7,10,5,1740,1,2,1,1,6,350,"4, HUGO VICTOR  BVD N°2",,,,590
200700024014,7,4,26,1340,1,2,1,1,6,12,"1, LE CORBUSIER (RUE)",,,,920
200700078026,7,12,15,1300,1,2,3,8,6,323,BORDENEUVE (AVENUE JACQU,,,,470
200700025804,7,5,31,1230,1,2,1,1,6,224,avenue de Montréjeau,M,4308600.0,57700.0,310
200700072633,7,11,16,832,1,2,1,1,3,117,AVENUE GOURGAUD,,,,750
200700047089,7,8,8,2145,2,2,9,1,1,219,"Route de Bourcefranc, La",M,0.0,0.0,170
200700054374,7,9,16,1230,1,1,6,1,2,202,,M,0.0,0.0,110
200700050682,7,8,9,1525,1,2,1,1,6,319,"41, LECLERC. AVENUE DU G",,,,760
200700074170,7,11,14,800,2,1,1,4,7,188,,M,4471800.0,337400.0,480
200700006294,7,2,1,1930,3,1,1,8,2,192,CD 69,M,4860300.0,-405100.0,290
200700071298,7,11,13,1815,2,2,1,2,3,41,"79-81, DANIELLE CASANOVA",,,,940
200700060174,7,10,30,1615,1,2,3,1,3,20,route de TROARN,M,4913300.0,-16300.0,140
200700008816,7,2,4,1535,1,1,1,1,7,299,R.D.204,,,,420
200700072489,7,11,14,1110,1,2,1,1,3,115,"218, RUE DE LA CROIX NIV",,,,750
200700062027,7,10,20,1810,1,2,1,1,6,88,"0, ALBERTI (RUE)",,,,60
200700052433,7,8,30,1750,1,2,1,1,6,113,QUAI D IVRY,,,,750
200700073342,7,11,2,1630,1,2,1,1,6,372,01 rue MONTAIGNE,M,4514800.0,52900.0,240
200700036658,7,6,24,30,5,2,1,1,6,181,ALLONNES PONT ROUGE (RTE,,,,720
200700006652,7,2,5,1130,1,2,1,1,3,116,RD 306,M,0.0,0.0,690
200700061676,7,10,4,500,3,1,1,5,6,315,,M,0.0,0.0,670
200700060438,7,10,30,730,2,1,1,1,6,365,,M,4523000.0,-19000.0,170
200700056812,7,9,14,1820,1,2,3,1,3,378,DERAIN RUE RAYMOND N°2-5,,,,590
200700063698,7,10,19,700,2,2,2,1,3,234,"18, NECOTIN (RUE DU)",,,,450
200700006341,7,2,10,1630,1,1,1,2,7,173,,M,0.0,0.0,610
200700036411,7,6,16,1217,1,2,1,1,5,445,14 JUILLET DU,,,,640
200700081240,7,12,15,1200,1,2,1,1,6,119,PORTE D AUBERVILLIERS,,,,750
200700069472,7,11,18,2100,5,2,1,1,6,395,"30, BOUFFLERS (AVENUE) D",,,,540
200700077953,7,12,6,1725,5,2,1,2,3,109,"., BOULEVARD GENERAL PIE",,,,440
200700036165,7,6,12,1700,1,2,3,1,3,350,NATIONALE RUE N°2 A 178B,,,,590
200700001292,7,1,3,1730,5,1,1,1,2,116,,M,4879500.0,320800.0,770
200700012618,7,3,20,730,1,1,1,4,4,229,,M,0.0,0.0,730
200700066313,7,10,19,830,1,1,1,1,4,477,AUTOROUTE A126,,,,910
200700012259,7,3,2,815,1,1,1,8,1,81,La Coste,M,0.0,0.0,240
200700003883,7,1,19,615,5,2,1,1,2,199,"0, BOULEVARD YVES FARGE",,,,690
200700026046,7,5,10,320,5,2,1,1,7,303,route d'Annecy,M,0.0,0.0,730
200700023847,7,4,12,1540,1,2,1,2,6,85,"15, LATTRE-DE-TASSIGNY (",,,,870
200700021035,7,4,10,1640,1,2,2,1,3,28,SALENGRO   AVENUE ROGER,,,,170
200700029822,7,5,8,1140,1,2,1,2,3,13,BPI ITALIE GENTILLY,,,,750
200700009982,7,2,20,925,1,2,2,1,3,8,AV DE FRIEDLAND R LAMENN,,,,750
200700041696,7,7,13,32,5,1,1,1,5,29,JUIN (AVENUE MARECHAL),,,,60
200700075707,7,12,8,1615,3,1,1,4,1,259,,M,4684200.0,611900.0,250
200700084484,7,12,2,1445,1,1,1,1,3,419,,R,0.0,0.0,974
200700011314,7,2,12,1430,1,1,1,1,4,17,A4,,,,940
200700082945,7,6,3,1900,5,2,2,1,3,407,SAINT PAUL(RUE),,,,974
200700075110,7,12,1,2145,3,1,1,1,6,127,,M,4619800.0,-50200.0,790
200700037582,7,6,1,1848,1,2,1,1,6,31,"58, MARSEILLE (RUE DE)",,,,930
200700054582,7,9,8,1745,1,1,1,1,3,192,,M,0.0,0.0,760
200700022854,7,4,5,2030,5,2,7,1,2,16,BD AMIRAL BRUIX PL PORTE,,,,750
200700073075,7,11,22,1730,2,1,1,8,1,412,,M,4922200.0,110400.0,270
200700037341,7,6,14,1230,1,2,1,1,2,12,"33, AUTEUIL (BOULEVARD D",,,,920
200700002340,7,1,18,1805,5,2,1,2,3,54,"face 78, POMMARD (ROUTE",,,,210
200700074867,7,12,7,1730,1,1,2,3,3,4,,M,0.0,0.0,440
200700037332,7,6,2,1945,1,2,1,1,6,12,"26, ANDRE MORIZET (AVENU",,,,920
200700078632,7,12,11,1500,1,2,3,1,6,122,"., MARIE HOPE VERE (RUE)",,,,640
200700076627,7,12,20,1510,1,2,1,1,6,88,"38, MADELEINE (BD DE LA)",,,,60
200700020989,7,4,28,1510,1,1,1,1,4,71,CHEMIN DEPARTEMENTAL 6 (,,,,130
200700075588,7,12,28,1600,1,1,1,5,1,274,,M,4906900.0,477900.0,510
200700063755,7,10,17,1850,2,2,1,1,4,7,"0, VOIE DES BERGES",,,,490
200700068935,7,11,20,1410,1,1,1,1,7,32,RD.14,,,,340
200700075238,7,12,8,615,3,1,1,2,6,134,,M,4407800.0,152900.0,820
200700009612,7,2,1,1110,1,2,1,8,6,1,226 R DE RIVOLI,,,,750
200700040862,7,7,31,745,1,1,1,1,5,122,,M,4404200.0,607900.0,40
200700019332,7,4,22,115,3,1,1,1,3,34,,M,0.0,0.0,740
200700027648,7,5,29,1750,1,2,1,2,2,55,MERLAN (AVENUE DU),,,,130
200700014138,7,3,6,1640,1,2,1,1,1,14,DAGUERRE (RUE),,,,150
200700037615,7,6,25,1000,1,2,1,1,3,46,"01, THIERS AVENUE",,,,930
200700020071,7,4,26,1315,1,2,1,1,2,6,3 Rue Notre Dame,M,0.0,0.0,360
200700005449,7,1,19,2028,5,2,1,1,7,79,"09, FRIEDBERG (BD DE)",,,,940
200700002087,7,1,28,1815,5,2,1,1,2,55,MICHELET (BOULEVARD),,,,130
200700006449,7,2,17,815,1,1,1,1,7,22,,M,4500800.0,-72100.0,330
200700084295,7,11,3,1035,1,2,1,1,3,302,"471, BADUEL (ROUTE DE)",,,,973
200700016892,7,3,21,1410,1,2,1,1,3,65,"98, ALBERT 1° (AV)",,,,810
200700004473,7,1,23,2250,5,2,2,1,3,10,R FG SAINT DENIS  R LA F,,,,750
200700033288,7,6,9,1130,1,1,3,1,5,622,,M,0.0,0.0,250
200700047298,7,8,17,545,2,1,1,1,7,441,,M,4620800.0,585700.0,10
200700072371,7,11,5,1844,5,2,1,1,2,113,"91, BOULEVARD VINCENT AU",,,,750
200700068225,7,11,26,740,1,2,1,8,2,55,"173, LYON (RUE DE)",,,,130
200700047186,7,8,5,1230,1,1,3,1,3,570,,M,4346600.0,182400.0,310
200700032704,7,6,6,200,5,2,1,3,6,225,,M,0.0,0.0,460
200700040615,7,7,14,2245,3,1,1,1,6,514,,M,0.0,0.0,510
200700078133,7,12,22,1930,5,2,1,1,6,121,"0, ROBESPIERRE (RUE)",,,,520
200700002108,7,1,21,120,5,2,1,1,4,55,ARMENY (RUE D'),,,,130
200700000690,7,1,19,1900,2,1,1,1,3,197,,M,0.0,0.0,70
200700016116,7,3,11,1835,1,2,1,1,2,17,BPE ASNIERES CHAMPERRET,,,,750
200700026414,7,5,31,1400,1,1,3,1,3,449,,M,0.0,0.0,390
200700061319,7,10,2,1700,1,2,1,1,2,343,,M,4249700.0,947500.0,202
200700063778,7,10,29,959,1,2,6,9,7,15,"0, CROIX CADEAU LIEU DIT",,,,490
200700009805,7,2,9,2010,5,2,2,2,6,14,BD DE PORT ROYAL R HENRI,,,,750
200700015743,7,3,16,1625,1,2,1,1,6,482,"215, WANTZENAU (RTE DE L",,,,670
200700006599,7,2,7,1230,1,1,1,1,1,214,CD 618,M,0.0,0.0,90
200700064788,7,10,20,1415,1,2,9,1,6,337,SALVADOR ALLENDE (BOULEV,,,,770
200700080347,7,12,8,2100,5,1,1,2,6,350,ROUTE DEPARTEMENTALE 656,,,,590
200700054807,7,9,5,1400,1,2,2,1,2,88,"0, ROASSAL (R. CLEMENT)",,,,60
200700034893,7,6,11,1335,1,2,1,1,6,205,ORLEANS (ROUTE D'),,,,180
200700007877,7,2,1,1545,1,2,6,1,6,55,MAZARGUES (ROND-POINT),,,,130
200700052005,7,8,14,2120,5,2,1,2,2,108,AVENUE DES CHAMPS ELYSEE,,,,750
200700068554,7,11,26,745,2,2,1,1,6,229,BUFFARDIERE (BOULEVARD D,,,,270
200700053666,7,9,14,1330,1,2,1,1,3,200,Rue du Jury,M,0.0,0.0,540
200700033484,7,6,10,630,1,1,1,1,6,291,,M,0.0,0.0,340
200700080761,7,12,11,1400,1,2,1,1,3,109,"43, RUE LA FAYETTE",,,,750
200700051879,7,8,3,1600,1,1,1,1,4,214,A7-Sens Marseille vers L,,,,130
200700063924,7,10,10,1341,1,2,1,1,4,121,"6, TOULLEC (RUE  FRANCOI",,,,560
200700043445,7,7,14,2220,5,2,1,1,2,463,"21, LECLERC DE HAUTECLOC",,,,570
200700035421,7,6,12,1553,1,1,1,1,7,32,ROUTE DEPARTEMENTALE  61,,,,340
200700082749,7,6,23,300,5,1,1,1,6,129,,A,0.0,0.0,971
200700060771,7,10,7,1830,1,2,1,1,6,105,Avenue du stade,M,0.0,0.0,740
200700083487,7,8,2,2145,5,2,1,1,6,411,MACE (BOULEVARD GABRIEL),,,,974
200700021166,7,4,6,1521,1,2,2,1,6,322,"04, POMPIDOU (AVENUE GEO",,,,240
200700028650,7,5,17,2245,5,2,1,1,6,1,RABELAIS (PLACE),,,,470
200700071276,7,11,6,1710,1,2,2,1,3,65,BALTARD (R),,,,940
200700047257,7,8,14,2200,3,2,1,1,6,190,631 Avenue de Toulouse,M,4385400.0,123700.0,820
200700043796,7,7,28,1355,1,1,1,1,6,335,"1, SAULT DE NAVAILLES DE",,,,640
200700065225,7,10,27,2050,5,2,1,1,6,114,"94, CHATAIGNERAIE (AVENU",,,,910
200700027577,7,5,30,1245,1,2,1,1,6,55,"38, JEAN MOULIN (BOULEVA",,,,130
200700019544,7,4,26,830,1,2,1,1,3,334,rue 07 aout,M,0.0,0.0,680
200700078160,7,12,11,1725,5,2,1,1,6,395,"54b, METZ (RUE DE)",,,,540
200700035218,7,6,19,700,1,1,3,1,3,555,"999, RTE D AGDE",,,,310
200700031838,7,5,8,2135,5,1,1,8,6,199,RD383   14.250 A 18.000,,,,690
200700055393,7,9,27,800,1,2,1,1,3,300,DAUPHINE   AVENUE DE LA,,,,170
200700077303,7,12,3,810,5,2,1,8,6,19,"111, ECOLE NAVALE (DE 86",,,,290
200700077272,7,12,7,1720,5,2,1,2,3,229,"1, QUATORZE JUILLET (BOU",,,,270
200700050990,7,8,31,1511,1,1,1,1,6,85,AUTOROUTE A20,,,,870
200700060574,7,10,6,730,2,2,1,1,5,17,249 ROUTE DE TOULOUSE,M,4388000.0,126000.0,820
200700055010,7,9,24,1543,1,2,1,1,6,28,"27, PUITS DE BRUNET (CHE",,,,130
200700074358,7,11,12,700,2,1,1,1,1,125,,M,0.0,0.0,600